{"expr5": {"fullfitness": {"PassThroughOptimizer": 0, "DE": 0.0, "PSO": 0, "ABC": 0.0}, "meanfullfitness": {"PassThroughOptimizer": 1.4234021672443476e-08, "DE": 3.552713678800501e-15, "PSO": 5.524469770534779e-14, "ABC": 6.286122267162852e-09}, "meantrainingfitness": {"PassThroughOptimizer": 1.5339115111423494e-08, "DE": 3.796962744218036e-15, "PSO": 6.66577903984944e-14, "ABC": 7.178042626954096e-09}, "trainingfitness": {"PassThroughOptimizer": 0, "DE": 0.0, "PSO": 0.0, "ABC": 0.0}}, "expr2": {"fullfitness": {"PassThroughOptimizer": 0.007851794625349795, "DE": 1, "PSO": 0.0025542633426870465, "ABC": 0.007559547151535617}, "meanfullfitness": {"PassThroughOptimizer": 0.007623038294109175, "DE": 0.6287456398428672, "PSO": 0.005337402995248897, "ABC": 0.007710798868355062}, "meantrainingfitness": {"PassThroughOptimizer": 0.004529719793175823, "DE": 0.021584332568354125, "PSO": 0.004380014981514302, "ABC": 0.007287544467187402}, "trainingfitness": {"PassThroughOptimizer": 0.004314938617725361, "DE": 0.020313791768234668, "PSO": 0.002366082290550686, "ABC": 0.0071133751087356645}}, "expr4": {"fullfitness": {"PassThroughOptimizer": 2.220446049250313e-16, "DE": 0, "PSO": 2.220446049250313e-16, "ABC": 1.1102230246251565e-16}, "meanfullfitness": {"PassThroughOptimizer": 8.47092136035954e-07, "DE": 8.876040635819037e-09, "PSO": 2.101859785930138e-06, "ABC": 1.1901590823981678e-14}, "meantrainingfitness": {"PassThroughOptimizer": 8.690796176491488e-07, "DE": 8.82589050732463e-09, "PSO": 2.1377880764505974e-06, "ABC": 1.2212453270876722e-14}, "trainingfitness": {"PassThroughOptimizer": 0.0, "DE": 0.0, "PSO": 0.0, "ABC": 0.0}}, "expr11": {"fullfitness": {"PassThroughOptimizer": 0.22970166194797936, "DE": 1, "PSO": 0.18238687204746984, "ABC": 0.2304526281900956}, "meanfullfitness": {"PassThroughOptimizer": 0.22852131123605837, "DE": 0.6897594198928073, "PSO": 0.19875511677585653, "ABC": 0.23313355316556264}, "meantrainingfitness": {"PassThroughOptimizer": 0.10218878796959792, "DE": 0.1031911028906785, "PSO": 0.06766356486316236, "ABC": 0.11428618714750423}, "trainingfitness": {"PassThroughOptimizer": 0.09602620144977891, "DE": 0.0950734399362907, "PSO": 0.04511820611570039, "ABC": 0.11123962646053576}}, "expr14": {"fullfitness": {"PassThroughOptimizer": 0.37673261239558287, "DE": 0.3714243094969919, "PSO": 0.509662713481944, "ABC": 0.17340358758158203}, "meanfullfitness": {"PassThroughOptimizer": 0.37830072126097225, "DE": 0.3712868113248485, "PSO": 0.5109372447887444, "ABC": 0.19992206968445314}, "meantrainingfitness": {"PassThroughOptimizer": 0.01965756543045678, "DE": 0.004102656377085312, "PSO": 0.002662676869651026, "ABC": 0.01050501937381305}, "trainingfitness": {"PassThroughOptimizer": 0.01918048070219125, "DE": 0.004080516176450999, "PSO": 0.002629359382620322, "ABC": 0.007309326840467922}}, "expr7": {"fullfitness": {"PassThroughOptimizer": 1.3881840303930915e-06, "DE": 2.5301535215849214e-06, "PSO": 1.7022778940889438e-06, "ABC": 3.0100040877334422e-05}, "meanfullfitness": {"PassThroughOptimizer": 3.1881411499234956e-06, "DE": 2.8890995668051644e-06, "PSO": 1.8082099963656616e-05, "ABC": 3.030835476673932e-05}, "meantrainingfitness": {"PassThroughOptimizer": 3.1572734836782247e-06, "DE": 3.630183584890645e-06, "PSO": 1.2263302262915942e-05, "ABC": 1.9831570896422513e-05}, "trainingfitness": {"PassThroughOptimizer": 1.2827779538593376e-06, "DE": 3.1831265837611866e-06, "PSO": 2.14906080264754e-06, "ABC": 1.973271052813086e-05}}, "expr12": {"fullfitness": {"PassThroughOptimizer": 0.029683863165186564, "DE": 0.055664187222721595, "PSO": 1, "ABC": 0.008207943391817407}, "meanfullfitness": {"PassThroughOptimizer": 0.031275015224702815, "DE": 0.07051801531777421, "PSO": 1.0, "ABC": 0.008252545905018404}, "meantrainingfitness": {"PassThroughOptimizer": 0.021338876869360313, "DE": 0.01839535635018861, "PSO": 0.003065251971321925, "ABC": 0.004078491460693212}, "trainingfitness": {"PassThroughOptimizer": 0.018802281024235423, "DE": 0.014713256900034333, "PSO": 0.0029313862456614714, "ABC": 0.004065019287183502}}, "expr0": {"fullfitness": {"PassThroughOptimizer": 0, "DE": 0.0, "PSO": 0.0, "ABC": 0.0}, "meanfullfitness": {"PassThroughOptimizer": 0.0006207045860834093, "DE": 3.0738223726123336e-06, "PSO": 1.3367085216486885e-14, "ABC": 0.0019563423675236446}, "meantrainingfitness": {"PassThroughOptimizer": 0.0007017945555860772, "DE": 3.320523451999513e-06, "PSO": 1.5565326805244693e-14, "ABC": 0.0020984914770033392}, "trainingfitness": {"PassThroughOptimizer": 0, "DE": 0, "PSO": 0.0, "ABC": 0}}, "expr3": {"fullfitness": {"PassThroughOptimizer": 0.0, "DE": 0.0, "PSO": 0.0, "ABC": 0.0}, "meanfullfitness": {"PassThroughOptimizer": 0.0001044935236254707, "DE": 2.0689301383214343e-10, "PSO": 0.0025828723717930212, "ABC": 0.0010010694196337599}, "meantrainingfitness": {"PassThroughOptimizer": 0.00010931937234843758, "DE": 2.5166835282419697e-10, "PSO": 0.000514410743039706, "ABC": 0.001254931795358538}, "trainingfitness": {"PassThroughOptimizer": 0.0, "DE": 0.0, "PSO": 0.0, "ABC": 0.0}}, "expr8": {"fullfitness": {"PassThroughOptimizer": 0.0019014665352223847, "DE": 0.001953944615220471, "PSO": 0.0011178153653577105, "ABC": 0.0013104277079643012}, "meanfullfitness": {"PassThroughOptimizer": 0.002753942064801662, "DE": 0.0020023155643191792, "PSO": 0.004205773496855381, "ABC": 0.0017585123168215367}, "meantrainingfitness": {"PassThroughOptimizer": 0.0020400701880569417, "DE": 0.0011194052943960032, "PSO": 0.002645751790139106, "ABC": 0.0007488387338125735}, "trainingfitness": {"PassThroughOptimizer": 0.0012806808071946785, "DE": 0.0010003243921642424, "PSO": 0.00032798047409832165, "ABC": 0.0003988789235712664}}, "expr10": {"fullfitness": {"PassThroughOptimizer": 0.25579821151430826, "DE": 0.3042533483227188, "PSO": 1, "ABC": 0.9955729023557535}, "meanfullfitness": {"PassThroughOptimizer": 0.25848842342484424, "DE": 0.294906027573831, "PSO": 1.0, "ABC": 0.996192000011602}, "meantrainingfitness": {"PassThroughOptimizer": 0.055286507485520706, "DE": 0.07298679382579773, "PSO": 0.07065375513722383, "ABC": 0.12562121283568678}, "trainingfitness": {"PassThroughOptimizer": 0.053921868200905276, "DE": 0.0692285842140693, "PSO": 0.040318107177579665, "ABC": 0.12545421204097806}}, "expr6": {"fullfitness": {"PassThroughOptimizer": 8.960362873899896e-08, "DE": 1.39382445918379e-07, "PSO": 1.363303139267913e-07, "ABC": 2.6051161228224373e-11}, "meanfullfitness": {"PassThroughOptimizer": 2.3172753059541586e-05, "DE": 3.8973206708536876e-07, "PSO": 1.8315392558143628e-07, "ABC": 0.00010347717896812547}, "meantrainingfitness": {"PassThroughOptimizer": 2.5607733732746497e-05, "DE": 4.419842239755667e-07, "PSO": 2.0759860217545167e-07, "ABC": 0.00010696199283133367}, "trainingfitness": {"PassThroughOptimizer": 1.0474005462945968e-07, "DE": 1.4932195713246443e-07, "PSO": 1.566018118515089e-07, "ABC": 2.6653790285990908e-11}}, "expr1": {"fullfitness": {"PassThroughOptimizer": 0.22970166194797936, "DE": 0.09335742575154604, "PSO": 1, "ABC": 0.30067811095520147}, "meanfullfitness": {"PassThroughOptimizer": 0.22852131123605837, "DE": 0.0906039930980791, "PSO": 1.0, "ABC": 0.38057229457592257}, "meantrainingfitness": {"PassThroughOptimizer": 0.10218878796959792, "DE": 0.03219758367499326, "PSO": 0.07065375513722383, "ABC": 0.0144552783479041}, "trainingfitness": {"PassThroughOptimizer": 0.09602620144977891, "DE": 0.025590304140382325, "PSO": 0.040318107177579665, "ABC": 0.012429732540143013}}, "expr9": {"fullfitness": {"PassThroughOptimizer": 5.596470249502605e-05, "DE": 0.0010020648080310002, "PSO": 0.006055905217790758, "ABC": 0.0003442481982413037}, "meanfullfitness": {"PassThroughOptimizer": 0.0009795372428691219, "DE": 0.0010642149878318241, "PSO": 0.0023261452391674766, "ABC": 0.0016389213860517505}, "meantrainingfitness": {"PassThroughOptimizer": 0.0009157923785392929, "DE": 0.0008058882404853085, "PSO": 0.001231174351882336, "ABC": 0.0013921547656491784},