{"expr2": {"meantrainingfitness": {"ABC": 0.007624939447877521, "PassThroughOptimizer": 0.006329154087084321, "DE": 0.04242918935630517, "PSO": 0.008444176517500934}, "trainingfitness": {"ABC": 0.007502327164884082, "PassThroughOptimizer": 0.005070666256797307, "DE": 0.040446863760076224, "PSO": 0.0025607016769787494}, "fullfitness": {"ABC": 0.007910673621301823, "PassThroughOptimizer": 0.008598338539255068, "DE": 0.060045460194595224, "PSO": 0.0027888303449592478}, "meanfullfitness": {"ABC": 0.008165401048001297, "PassThroughOptimizer": 0.010315368284823757, "DE": 0.812009092038919, "PSO": 0.009271275117033762}}, "expr13": {"meantrainingfitness": {"ABC": 0.06266821656657069, "PassThroughOptimizer": 0.06524922841715877, "DE": 0.0279725986583935, "PSO": 0.03278029080819924}, "trainingfitness": {"ABC": 0.035518645161773166, "PassThroughOptimizer": 0.020154473279833218, "DE": 0.027593379475859825, "PSO": 0.03181986877559517}, "fullfitness": {"ABC": 0.07782947766527992, "PassThroughOptimizer": 0.06425130221359732, "DE": 0.09016614402092782, "PSO": 0.09071513239253837}, "meanfullfitness": {"ABC": 0.10953787617207933, "PassThroughOptimizer": 0.12818028397475228, "DE": 0.08987466342175057, "PSO": 0.08745488729590072}}, "expr10": {"meantrainingfitness": {"ABC": 0.18263920572125886, "PassThroughOptimizer": 0.14223937745079088, "DE": 0.15157222326177264, "PSO": 0.1977666992509039}, "trainingfitness": {"ABC": 0.12555405855591584, "PassThroughOptimizer": 0.08767371254904566, "DE": 0.09248525394847851, "PSO": 0.09903877390802285}, "fullfitness": {"ABC": 0.9962555378316911, "PassThroughOptimizer": 0.2796876400204682, "DE": 0.3089819821876727, "PSO": 1}, "meanfullfitness": {"ABC": 0.856648800571195, "PassThroughOptimizer": 0.3393547807608563, "DE": 0.35362079125583595, "PSO": 0.8893792004645407}}, "expr14": {"meantrainingfitness": {"ABC": 0.0352366734599876, "PassThroughOptimizer": 0.027951483152034794, "DE": 0.016045338949264187, "PSO": 0.008289719619876101}, "trainingfitness": {"ABC": 0.02191122158664438, "PassThroughOptimizer": 0.025382554751814168, "DE": 0.013426292806163809, "PSO": 0.003372432085391508}, "fullfitness": {"ABC": 0.561380623914117, "PassThroughOptimizer": 0.3766483313834448, "DE": 0.37486081300677254, "PSO": 0.5156256259288889}, "meanfullfitness": {"ABC": 0.37893706366829694, "PassThroughOptimizer": 0.3892840419896868, "DE": 0.37456597116121876, "PSO": 0.47120036094220746}}, "expr12": {"meantrainingfitness": {"ABC": 0.005680142030182966, "PassThroughOptimizer": 0.03177953974672791, "DE": 0.01968475592873491, "PSO": 0.004806097433533063}, "trainingfitness": {"ABC": 0.0053425519414439515, "PassThroughOptimizer": 0.03175954807850945, "DE": 0.015968015663982427, "PSO": 0.003997251693077408}, "fullfitness": {"ABC": 0.010707387271559288, "PassThroughOptimizer": 0.039602053673020166, "DE": 0.08228423218219194, "PSO": 0.012855159616749323}, "meanfullfitness": {"ABC": 0.011104754404147665, "PassThroughOptimizer": 0.03961729861482186, "DE": 0.0484778159866567, "PSO": 0.21149046159276025}}, "expr0": {"meantrainingfitness": {"ABC": 0.003385198646440224, "PassThroughOptimizer": 0.011949973729352581, "DE": 4.2477534067941745e-08, "PSO": 1.4318387764333806e-08}, "trainingfitness": {"ABC": 0, "PassThroughOptimizer": 0.0, "DE": 0, "PSO": 0}, "fullfitness": {"ABC": 0.0, "PassThroughOptimizer": 0.0, "DE": 0.0, "PSO": 0.0}, "meanfullfitness": {"ABC": 0.0029608708002251795, "PassThroughOptimizer": 0.010034928168742675, "DE": 3.4588840391869266e-08, "PSO": 1.1823969492397169e-08}}, "expr4": {"meantrainingfitness": {"ABC": 5.906386491005833e-15, "PassThroughOptimizer": 0.002068831098049806, "DE": 4.877008937143045e-07, "PSO": 1.3155449583024392e-07}, "trainingfitness": {"ABC": 0.0, "PassThroughOptimizer": 0.0, "DE": 0.0, "PSO": 0.0}, "fullfitness": {"ABC": 1.1102230246251565e-16, "PassThroughOptimizer": 2.220446049250313e-16, "DE": 0, "PSO": 2.220446049250313e-16}, "meanfullfitness": {"ABC": 5.351274978693255e-15, "PassThroughOptimizer": 0.0020581695858349126, "DE": 4.6307861276684294e-07, "PSO": 1.2853070410212553e-07}}, "expr1": {"meantrainingfitness": {"ABC": 0.1618342103580695, "PassThroughOptimizer": 0.06524922841715877, "DE": 0.0279725986583935, "PSO": 0.008289719619876101}, "trainingfitness": {"ABC": 0.12666722633060745, "PassThroughOptimizer": 0.020154473279833218, "DE": 0.027593379475859825, "PSO": 0.003372432085391508}, "fullfitness": {"ABC": 0.2398494077085761, "PassThroughOptimizer": 0.06425130221359732, "DE": 0.09016614402092782, "PSO": 0.5156256259288889}, "meanfullfitness": {"ABC": 0.2742365919768981, "PassThroughOptimizer": 0.12818028397475228, "DE": 0.08987466342175057, "PSO": 0.47120036094220746}}, "expr7": {"meantrainingfitness": {"ABC": 0.0008614556920342852, "PassThroughOptimizer": 0.00018191158691407416, "DE": 3.6700499162956036e-05, "PSO": 4.233401686746241e-05}, "trainingfitness": {"ABC": 0.0005308860794212, "PassThroughOptimizer": 9.401788734286765e-05, "DE": 3.339086751652509e-06, "PSO": 1.484129475659568e-05}, "fullfitness": {"ABC": 0.0005494851491051334, "PassThroughOptimizer": 0.00010482880167717035, "DE": 2.64411381578622e-06, "PSO": 2.212605058393713e-05}, "meanfullfitness": {"ABC": 0.0008632348543036183, "PassThroughOptimizer": 0.00018742992932765378, "DE": 5.963028870799025e-05, "PSO": 4.6854308039967485e-05}}, "expr6": {"meantrainingfitness": {"ABC": 5.6211838497732816e-05, "PassThroughOptimizer": 5.9650705929814583e-05, "DE": 4.572074026532036e-06, "PSO": 1.5938416266858547e-05}, "trainingfitness": {"ABC": 2.6653790285990908e-11, "PassThroughOptimizer": 1.2016851269613937e-07, "DE": 5.469910621114238e-07, "PSO": 1.752433136381626e-07}, "fullfitness": {"ABC": 2.6051161228224373e-11, "PassThroughOptimizer": 1.1004214384158217e-07, "DE": 4.929134151954173e-07, "PSO": 1.56784063731763e-07}, "meanfullfitness": {"ABC": 5.038147819094174e-05, "PassThroughOptimizer": 5.860280497689274e-05, "DE": 4.474533950338256e-06, "PSO": 0.00011927318872935188}}, "expr8": {"meantrainingfitness": {"ABC": 0.004072860418144519, "PassThroughOptimizer": 0.00173156764911504, "DE": 0.0014315767118760147, "PSO": 0.0004864003528895156}, "trainingfitness": {"ABC": 0.0007382121324667201, "PassThroughOptimizer": 0.00135197462851111, "DE": 0.0011253763338290312, "PSO": 0.0003615968506582856}, "fullfitness": {"ABC": 0.0012336682906058938, "PassThroughOptimizer": 0.002089443054961726, "DE": 0.0020273330571650705, "PSO": 0.001203701728029749}, "meanfullfitness": {"ABC": 0.005467825484958921, "PassThroughOptimizer": 0.002495037729681182, "DE": 0.0023602571447108867, "PSO": 0.0013451430438596202}}, "expr11": {"meantrainingfitness": {"ABC": 0.1618342103580695, "PassThroughOptimizer": 0.1673708429328314, "DE": 0.12502403613101576, "PSO": 0.09108117917521667}, "trainingfitness": {"ABC": 0.12666722633060745, "PassThroughOptimizer": 0.14890104623648936, "DE": 0.10812797356019599, "PSO": 0.07074915388431069}, "fullfitness": {"ABC": 0.2398494077085761, "PassThroughOptimizer": 0.2826548914402782, "DE": 1, "PSO": 0.19371186166925836}, "meanfullfitness": {"ABC": 0.2742365919768981, "PassThroughOptimizer": 0.27966456892373437, "DE": 0.5446839769594389, "PSO": 0.21071621497226042}}, "expr3": {"meantrainingfitness": {"ABC": 0.00016198122779178536, "PassThroughOptimizer": 0.002180970430340845, "DE": 0.0003154456759122404, "PSO": 0.002356266140894725}, "trainingfitness": {"ABC": 0.0, "PassThroughOptimizer": 0.0, "DE": 0.0, "PSO": 0.0}, "fullfitness": {"ABC": 0.0, "PassThroughOptimizer": 0.0, "DE": 0.0, "PSO": 0.0}, "meanfullfitness": {"ABC": 0.00011434419651890071, "PassThroughOptimizer": 0.002034191578364397, "DE": 0.00026497328808032793, "PSO": 0.0023310863643010602}}, "expr5": {"meantrainingfitness": {"ABC": 2.2629921867522995e-07, "PassThroughOptimizer": 1.900821398497232e-05, "DE": 6.13620265710324e-13, "PSO": 1.2348343545465212e-05}, "trainingfitness": {"ABC": 0.0, "PassThroughOptimizer": 0.0, "DE": 0.0, "PSO": 0}, "fullfitness": {"ABC": 0.0,