{"expr0": {"meantrainingfitness": {"PSO": 3.2452172653574253e-07, "PassThroughOptimizer": 0.0024320782529300587, "ABC": 0.00011783196525254614, "DE": 0.0002177429208902959}, "meanfullfitness": {"PSO": 2.626012724160631e-07, "PassThroughOptimizer": 0.002201033217374104, "ABC": 0.00010749611453504393, "DE": 0.0001814350638613238}, "trainingfitness": {"PSO": 0.0, "PassThroughOptimizer": 0, "ABC": 0, "DE": 0.0}, "fullfitness": {"PSO": 0.0, "PassThroughOptimizer": 0.0, "ABC": 0.0, "DE": 0.0}}, "expr7": {"meantrainingfitness": {"PSO": 0.0016026074488201258, "PassThroughOptimizer": 0.0017923002802598064, "ABC": 0.0015284998450787902, "DE": 0.0018006901160407818}, "meanfullfitness": {"PSO": 0.0016944212289482063, "PassThroughOptimizer": 0.0016634202805055232, "ABC": 0.001522267046186121, "DE": 0.0017093722750230356}, "trainingfitness": {"PSO": 0.0015363663607175226, "PassThroughOptimizer": 0.0012838412357440987, "ABC": 0.001246614427877657, "DE": 0.0008410991160540116}, "fullfitness": {"PSO": 0.0016370715837621397, "PassThroughOptimizer": 0.0011696859634886536, "ABC": 0.0011313843481914887, "DE": 0.0006988061311656857}}, "expr12": {"meantrainingfitness": {"PSO": 0.0358815867266842, "PassThroughOptimizer": 0.037355104715334764, "ABC": 0.0324442941199196, "DE": 0.039672228679476375}, "meanfullfitness": {"PSO": 0.04324355436324399, "PassThroughOptimizer": 0.04400207707600194, "ABC": 0.04727390558556084, "DE": 0.04564032683908235}, "trainingfitness": {"PSO": 0.03348498382532705, "PassThroughOptimizer": 0.03669312522979329, "ABC": 0.0261427415775195, "DE": 0.039047400477691174}, "fullfitness": {"PSO": 0.041385730719528, "PassThroughOptimizer": 0.04364668782950454, "ABC": 0.07074881586681026, "DE": 0.04554295245494444}}, "expr5": {"meantrainingfitness": {"PSO": 0.00015396206838287353, "PassThroughOptimizer": 0.00022496078943867737, "ABC": 0.00020518721866475965, "DE": 0.0002708030288839369}, "meanfullfitness": {"PSO": 0.00014304217707312717, "PassThroughOptimizer": 0.00019484770508220172, "ABC": 0.0001909169524715093, "DE": 0.00023329993180767338}, "trainingfitness": {"PSO": 0, "PassThroughOptimizer": 0, "ABC": 0, "DE": 0}, "fullfitness": {"PSO": 0, "PassThroughOptimizer": 0, "ABC": 0, "DE": 0}}, "expr10": {"meantrainingfitness": {"PSO": 0.29016738554529786, "PassThroughOptimizer": 0.35161019041672115, "ABC": 0.3022324302691274, "DE": 0.32950448488767403}, "meanfullfitness": {"PSO": 0.4734506856489326, "PassThroughOptimizer": 0.5015524252379048, "ABC": 0.5774365185365161, "DE": 0.5281963594268467}, "trainingfitness": {"PSO": 0.269103146094256, "PassThroughOptimizer": 0.33002457974182686, "ABC": 0.23324956603634572, "DE": 0.27268548380980484}, "fullfitness": {"PSO": 0.37696733537446636, "PassThroughOptimizer": 0.4804089223571768, "ABC": 0.5633271909506022, "DE": 0.5145094048709491}}, "expr1": {"meantrainingfitness": {"PSO": 0.0358815867266842, "PassThroughOptimizer": 0.25036066951567043, "ABC": 0.06893223389861332, "DE": 0.044513792199761704}, "meanfullfitness": {"PSO": 0.04324355436324399, "PassThroughOptimizer": 0.3583142436429109, "ABC": 0.13411059803054912, "DE": 0.09718867114906342}, "trainingfitness": {"PSO": 0.03348498382532705, "PassThroughOptimizer": 0.06157531462016308, "ABC": 0.06157531462016308, "DE": 0.0400821993434155}, "fullfitness": {"PSO": 0.041385730719528, "PassThroughOptimizer": 0.12823335278213666, "ABC": 0.12823335278213666, "DE": 0.0802999380655045}}, "expr4": {"meantrainingfitness": {"PSO": 5.8315442020884237e-05, "PassThroughOptimizer": 0.00019446741720481332, "ABC": 0.00010877677335701108, "DE": 7.87923999368001e-05}, "meanfullfitness": {"PSO": 5.7746257877488995e-05, "PassThroughOptimizer": 0.0001796475805785125, "ABC": 0.0001051490076678041, "DE": 7.73169324766343e-05}, "trainingfitness": {"PSO": 0.0, "PassThroughOptimizer": 0, "ABC": 0.0, "DE": 0.0}, "fullfitness": {"PSO": 2.220446049250313e-16, "PassThroughOptimizer": 2.220446049250313e-16, "ABC": 2.220446049250313e-16, "DE": 0.0}}, "expr2": {"meantrainingfitness": {"PSO": 0.10872698571480961, "PassThroughOptimizer": 0.13314294516807035, "ABC": 0.08666189798061356, "DE": 0.10425826713687655}, "meanfullfitness": {"PSO": 0.1348307811597111, "PassThroughOptimizer": 0.16234690470200455, "ABC": 0.10919238836345761, "DE": 0.13055040923768702}, "trainingfitness": {"PSO": 0.0872374840923229, "PassThroughOptimizer": 0.10196196052755357, "ABC": 0.07870996821491816, "DE": 0.08766618021805817}, "fullfitness": {"PSO": 0.1207065462521908, "PassThroughOptimizer": 0.11967677745581562, "ABC": 0.10664726877097452, "DE": 0.11518144863248947}}, "expr8": {"meantrainingfitness": {"PSO": 0.007639017905955381, "PassThroughOptimizer": 0.0099335739228136, "ABC": 0.004230235929647419, "DE": 0.0044161877640109815}, "meanfullfitness": {"PSO": 0.010722543024305442, "PassThroughOptimizer": 0.015134778941385884, "ABC": 0.005846475092978887, "DE": 0.006615601994695308}, "trainingfitness": {"PSO": 0.0026895643638029654, "PassThroughOptimizer": 0.00792670145070895, "ABC": 0.0027365921732481757, "DE": 0.003454788104072626}, "fullfitness": {"PSO": 0.004254454843470534, "PassThroughOptimizer": 0.011001931137680665, "ABC": 0.004087710471991413, "DE": 0.005490570660907967}}, "expr3": {"meantrainingfitness": {"PSO": 0.007046451577284674, "PassThroughOptimizer": 0.00769108379356005, "ABC": 0.008765928719567894, "DE": 0.004534446838458606}, "meanfullfitness": {"PSO": 0.006541609052802233, "PassThroughOptimizer": 0.007009305479725536, "ABC": 0.00736548358703768, "DE": 0.003510369429947202}, "trainingfitness": {"PSO": 0.0056927896688088175, "PassThroughOptimizer": 0.006547376283062678, "ABC": 0.00035428581364693734, "DE": 0.0022400971935089276}, "fullfitness": {"PSO": 0.005850143737048841, "PassThroughOptimizer": 0.004995005181942069, "ABC": 0.0002678324793614628, "DE": 0.001811588805626596}}, "expr11": {"meantrainingfitness": {"PSO": 0.2132259011926405, "PassThroughOptimizer": 0.33251762820822145, "ABC": 0.2598294697074895, "DE": 0.2547233729550912}, "meanfullfitness": {"PSO": 0.3263958738139993, "PassThroughOptimizer": 0.554113089748186, "ABC": 0.49193168171834695, "DE": 0.3428030943654926}, "trainingfitness": {"PSO": 0.1384547222010798, "PassThroughOptimizer": 0.17263296853913968, "ABC": 0.1430786589709735, "DE": 0.13007362816275236}, "fullfitness": {"PSO": 0.24700647883543603, "PassThroughOptimizer": 0.2636274613555569, "ABC": 0.25078647074169, "DE": 0.23902580197876422}}, "expr14": {"meantrainingfitness": {"PSO": 0.12902844186467408, "PassThroughOptimizer": 0.11924741982160345, "ABC": 0.1282248306497767, "DE": 0.1282016512048228}, "meanfullfitness": {"PSO": 0.43540767454398477, "PassThroughOptimizer": 0.4284233950295728, "ABC": 0.4364578058955135, "DE": 0.4431252128271761}, "trainingfitness": {"PSO": 0.09650850738737493, "PassThroughOptimizer": 0.11314708997928191, "ABC": 0.11348627492065622, "DE": 0.11359716997629998}, "fullfitness": {"PSO": 0.39716117164481246, "PassThroughOptimizer": 0.4245355227572054, "ABC": 0.4271871060391845, "DE": 0.4257964429990224}}, "expr13": {"meantrainingfitness": {"PSO": 0.06893223389861332, "PassThroughOptimizer": 0.25036066951567043, "ABC": 0.06893223389861332, "DE": 0.044513792199761704}, "meanfullfitness": {"PSO": 0.13411059803054912, "PassThroughOptimizer": 0.3583142436429109, "ABC": 0.13411059803054912, "DE": 0.09718867114906342}, "trainingfitness": {"PSO": 0.06157531462016308, "PassThroughOptimizer": 0.06157531462016308, "ABC": 0.06157531462016308, "DE": 0.0400821993434155}, "fullfitness": {"PSO": 0.12823335278213666, "PassThroughOptimizer": 0.12823335278213666, "ABC": 0.12823335278213666, "DE": 0.0802999380655045}}, "expr9": {"meantrainingfitness": {"PSO": 0.003103468246862162, "PassThroughOptimizer": 0.00272914054574247, "ABC": 0.0029635887777285097, "DE": 0.0026303647432989186}, "meanfullfitness": {"PSO": 0.003360739662164236, "PassThroughOptimizer": 0.0030041251115213276, "ABC": 0.0032143816665125336, "DE": 0.0029764087819962315}, "trainingfitness": {"PSO": 0.00229823490687453,