{"expr0": {"meantrainingfitness": {"PSO": 1.4485743258241257e-07, "PassThroughOptimizer": 7.310097957728967e-05, "ABC": 5.477643150819667e-06, "DE": 2.019168149924866e-06}, "meanfullfitness": {"PSO": 1.3075704210496753e-07, "PassThroughOptimizer": 6.433898916939907e-05, "ABC": 4.656176863782058e-06, "DE": 1.983155548757054e-06}, "trainingfitness": {"PSO": 0, "PassThroughOptimizer": 0, "ABC": 0, "DE": 0.0}, "fullfitness": {"PSO": 0.0, "PassThroughOptimizer": 0.0, "ABC": 0.0, "DE": 0.0}}, "expr7": {"meantrainingfitness": {"PSO": 0.000651242924679396, "PassThroughOptimizer": 0.00045416386393153373, "ABC": 0.0010145167298807988, "DE": 0.00033942867828002933}, "meanfullfitness": {"PSO": 0.000662606447966585, "PassThroughOptimizer": 0.0004297407802121178, "ABC": 0.000962877763009251, "DE": 0.00031878788047150496}, "trainingfitness": {"PSO": 0.00010344227378999982, "PassThroughOptimizer": 0.0003004187227469979, "ABC": 0.0009167571729666868, "DE": 1.6787626940462097e-05}, "fullfitness": {"PSO": 0.00017732387102697977, "PassThroughOptimizer": 0.0002897040726734801, "ABC": 0.0008997909328088971, "DE": 1.3423120760580609e-05}}, "expr12": {"meantrainingfitness": {"PSO": 0.005556104808792939, "PassThroughOptimizer": 0.03296589331050881, "ABC": 0.021079909425359578, "DE": 0.02646296914302888}, "meanfullfitness": {"PSO": 0.015451935988340626, "PassThroughOptimizer": 0.04037163908163519, "ABC": 0.027599182219117613, "DE": 0.0333741514928164}, "trainingfitness": {"PSO": 0.00504577181461463, "PassThroughOptimizer": 0.03179957345178963, "ABC": 0.018817818590674218, "DE": 0.025126753249645417}, "fullfitness": {"PSO": 0.01542514938219608, "PassThroughOptimizer": 0.0395320491246155, "ABC": 0.02450757232812184, "DE": 0.03288391722534356}}, "expr5": {"meantrainingfitness": {"PSO": 4.587253095800215e-06, "PassThroughOptimizer": 0.00010261892307479314, "ABC": 2.3351076985367314e-07, "DE": 1.9055867994666188e-13}, "meanfullfitness": {"PSO": 9.688614459135714e-06, "PassThroughOptimizer": 9.682833094804e-05, "ABC": 1.9020763717403355e-07, "DE": 1.7956747200287283e-13}, "trainingfitness": {"PSO": 0.0, "PassThroughOptimizer": 0, "ABC": 0, "DE": 0.0}, "fullfitness": {"PSO": 0, "PassThroughOptimizer": 0, "ABC": 0, "DE": 0.0}}, "expr10": {"meantrainingfitness": {"PSO": 0.2067506969673336, "PassThroughOptimizer": 0.2911725434522745, "ABC": 0.1314873705967412, "DE": 0.2296954207760189}, "meanfullfitness": {"PSO": 0.7901401547828069, "PassThroughOptimizer": 0.46068494284316214, "ABC": 0.987625768804476, "DE": 0.38608331431163795}, "trainingfitness": {"PSO": 0.17198661012757177, "PassThroughOptimizer": 0.14518409130219345, "ABC": 0.12672647192361353, "DE": 0.22586535529510998}, "fullfitness": {"PSO": 1, "PassThroughOptimizer": 0.4071439917389079, "ABC": 0.997447645164081, "DE": 0.37718769151129605}}, "expr1": {"meantrainingfitness": {"PSO": 0.005556104808792939, "PassThroughOptimizer": 0.0445456396250278, "ABC": 0.04004029329937695, "DE": 0.03429581044687528}, "meanfullfitness": {"PSO": 0.015451935988340626, "PassThroughOptimizer": 0.10497567973448932, "ABC": 0.45521598320246326, "DE": 0.07985537079753288}, "trainingfitness": {"PSO": 0.00504577181461463, "PassThroughOptimizer": 0.03830392848020703, "ABC": 0.03566489532803141, "DE": 0.03257027837768445}, "fullfitness": {"PSO": 0.01542514938219608, "PassThroughOptimizer": 0.08369151559040222, "ABC": 0.07585049073332728, "DE": 0.07697974522844842}}, "expr4": {"meantrainingfitness": {"PSO": 1.6863192333183008e-06, "PassThroughOptimizer": 2.807572453358276e-05, "ABC": 8.070688710670737e-08, "DE": 0.0002332659043773555}, "meanfullfitness": {"PSO": 1.5124077211270404e-06, "PassThroughOptimizer": 2.6033296758942726e-05, "ABC": 7.975529088266598e-08, "DE": 0.00022569941499588352}, "trainingfitness": {"PSO": 0.0, "PassThroughOptimizer": 0.0, "ABC": 0.0, "DE": 0.0}, "fullfitness": {"PSO": 2.220446049250313e-16, "PassThroughOptimizer": 2.220446049250313e-16, "ABC": 0.0, "DE": 0.0}}, "expr2": {"meantrainingfitness": {"PSO": 0.031470443060075556, "PassThroughOptimizer": 0.07244119254551215, "ABC": 0.015017834836428, "DE": 0.06496952365374804}, "meanfullfitness": {"PSO": 0.0377308633409779, "PassThroughOptimizer": 0.09551398941231241, "ABC": 0.01605366265445942, "DE": 0.08947171915319097}, "trainingfitness": {"PSO": 0.0025607016769787494, "PassThroughOptimizer": 0.018211246147606053, "ABC": 0.007681671006393498, "DE": 0.04084418645526189}, "fullfitness": {"PSO": 0.0027888303449592478, "PassThroughOptimizer": 0.025753275356378724, "ABC": 0.008189440957318994, "DE": 0.06073322276049542}}, "expr8": {"meantrainingfitness": {"PSO": 0.0024007658514162643, "PassThroughOptimizer": 0.002976941825731472, "ABC": 0.002450589759171273, "DE": 0.0016227464462547302}, "meanfullfitness": {"PSO": 0.00392566408474695, "PassThroughOptimizer": 0.004371108141769287, "ABC": 0.0036807785670658565, "DE": 0.002593437601421744}, "trainingfitness": {"PSO": 0.0022538701003630424, "PassThroughOptimizer": 0.0026112247622688267, "ABC": 0.0021229493700400948, "DE": 0.0014093892711167788}, "fullfitness": {"PSO": 0.00400169779815962, "PassThroughOptimizer": 0.0036878266583820762, "ABC": 0.00296684352848553, "DE": 0.002263782483392096}}, "expr3": {"meantrainingfitness": {"PSO": 0.005275775902780033, "PassThroughOptimizer": 0.002226227756790955, "ABC": 0.004016490266951922, "DE": 0.0019740810020803857}, "meanfullfitness": {"PSO": 0.0050837027186056314, "PassThroughOptimizer": 0.0020931979780164367, "ABC": 0.0037709225611318063, "DE": 0.0017047634734815853}, "trainingfitness": {"PSO": 0.0017042895427278326, "PassThroughOptimizer": 0.0, "ABC": 0.0, "DE": 0.0}, "fullfitness": {"PSO": 0.001979196655498172, "PassThroughOptimizer": 0.0, "ABC": 0.0, "DE": 0.0}}, "expr11": {"meantrainingfitness": {"PSO": 0.15102224129705638, "PassThroughOptimizer": 0.20337604284101554, "ABC": 0.22180220752221075, "DE": 0.12504087977815784}, "meanfullfitness": {"PSO": 0.26285213476551217, "PassThroughOptimizer": 0.3481441238234037, "ABC": 0.48375559247766536, "DE": 0.24162858813173793}, "trainingfitness": {"PSO": 0.12364459765830882, "PassThroughOptimizer": 0.17263296853913968, "ABC": 0.13064144777635534, "DE": 0.11113112563184968}, "fullfitness": {"PSO": 0.23308263106792426, "PassThroughOptimizer": 0.2636274613555569, "ABC": 0.24410239754740637, "DE": 0.2534979922952312}}, "expr14": {"meantrainingfitness": {"PSO": 0.051600577452978726, "PassThroughOptimizer": 0.04397668208900187, "ABC": 0.10821234964603721, "DE": 0.060682017755411155}, "meanfullfitness": {"PSO": 0.43741465909671906, "PassThroughOptimizer": 0.4784346373352685, "ABC": 0.5909451008761893, "DE": 0.3990351932855928}, "trainingfitness": {"PSO": 0.05008270101925427, "PassThroughOptimizer": 0.03723724077325807, "ABC": 0.07698261879111679, "DE": 0.03401927045155673}, "fullfitness": {"PSO": 0.4296383428279982, "PassThroughOptimizer": 0.5534693819400873, "ABC": 0.7396293081489955, "DE": 0.3806730910417644}}, "expr13": {"meantrainingfitness": {"PSO": 0.06228277136822176, "PassThroughOptimizer": 0.0445456396250278, "ABC": 0.04004029329937695, "DE": 0.03429581044687528}, "meanfullfitness": {"PSO": 0.12918341948903775, "PassThroughOptimizer": 0.10497567973448932, "ABC": 0.45521598320246326, "DE": 0.07985537079753288}, "trainingfitness": {"PSO": 0.047023770507355844, "PassThroughOptimizer": 0.03830392848020703, "ABC": 0.03566489532803141, "DE": 0.03257027837768445}, "fullfitness": {"PSO": 0.1124332527447246, "PassThroughOptimizer": 0.08369151559040222, "ABC": 0.07585049073332728, "DE": 0.07697974522844842}}, "expr9": {"meantrainingfitness": {"PSO": 0.0022026331111371757, "PassThroughOptimizer": 0.002124793910115641, "ABC": 0.0023420018466591584, "DE": 0.001840564827953628}, "meanfullfitness": {"PSO": 0.0034284674473206156, "PassThroughOptimizer": 0.0024205229222852287, "ABC": 0.0026268752284541287, "DE": 0.002099421752281083}, "trainingfitness": {"PSO": 0.0009652655841753122, "PassThroughOptimizer": 0.0014535563205361202, "ABC": 0.002144319389502325,