{"expr2": {"meantrainingfitness": {"ABC": 0.015017834836428, "PassThroughOptimizer": 0.07244119254551215, "DE": 0.06496952365374804, "PSO": 0.031470443060075556}, "trainingfitness": {"ABC": 0.007681671006393498, "PassThroughOptimizer": 0.018211246147606053, "DE": 0.04084418645526189, "PSO": 0.0025607016769787494}, "fullfitness": {"ABC": 0.008189440957318994, "PassThroughOptimizer": 0.025753275356378724, "DE": 0.06073322276049542, "PSO": 0.0027888303449592478}, "meanfullfitness": {"ABC": 0.01605366265445942, "PassThroughOptimizer": 0.09551398941231241, "DE": 0.08947171915319097, "PSO": 0.0377308633409779}}, "expr13": {"meantrainingfitness": {"ABC": 0.04004029329937695, "PassThroughOptimizer": 0.0445456396250278, "DE": 0.03429581044687528, "PSO": 0.06228277136822176}, "trainingfitness": {"ABC": 0.03566489532803141, "PassThroughOptimizer": 0.03830392848020703, "DE": 0.03257027837768445, "PSO": 0.047023770507355844}, "fullfitness": {"ABC": 0.07585049073332728, "PassThroughOptimizer": 0.08369151559040222, "DE": 0.07697974522844842, "PSO": 0.1124332527447246}, "meanfullfitness": {"ABC": 0.45521598320246326, "PassThroughOptimizer": 0.10497567973448932, "DE": 0.07985537079753288, "PSO": 0.12918341948903775}}, "expr10": {"meantrainingfitness": {"ABC": 0.1314873705967412, "PassThroughOptimizer": 0.2911725434522745, "DE": 0.2296954207760189, "PSO": 0.2067506969673336}, "trainingfitness": {"ABC": 0.12672647192361353, "PassThroughOptimizer": 0.14518409130219345, "DE": 0.22586535529510998, "PSO": 0.17198661012757177}, "fullfitness": {"ABC": 0.997447645164081, "PassThroughOptimizer": 0.4071439917389079, "DE": 0.37718769151129605, "PSO": 1}, "meanfullfitness": {"ABC": 0.987625768804476, "PassThroughOptimizer": 0.46068494284316214, "DE": 0.38608331431163795, "PSO": 0.7901401547828069}}, "expr14": {"meantrainingfitness": {"ABC": 0.10821234964603721, "PassThroughOptimizer": 0.04397668208900187, "DE": 0.060682017755411155, "PSO": 0.051600577452978726}, "trainingfitness": {"ABC": 0.07698261879111679, "PassThroughOptimizer": 0.03723724077325807, "DE": 0.03401927045155673, "PSO": 0.05008270101925427}, "fullfitness": {"ABC": 0.7396293081489955, "PassThroughOptimizer": 0.5534693819400873, "DE": 0.3806730910417644, "PSO": 0.4296383428279982}, "meanfullfitness": {"ABC": 0.5909451008761893, "PassThroughOptimizer": 0.4784346373352685, "DE": 0.3990351932855928, "PSO": 0.43741465909671906}}, "expr12": {"meantrainingfitness": {"ABC": 0.021079909425359578, "PassThroughOptimizer": 0.03296589331050881, "DE": 0.02646296914302888, "PSO": 0.005556104808792939}, "trainingfitness": {"ABC": 0.018817818590674218, "PassThroughOptimizer": 0.03179957345178963, "DE": 0.025126753249645417, "PSO": 0.00504577181461463}, "fullfitness": {"ABC": 0.02450757232812184, "PassThroughOptimizer": 0.0395320491246155, "DE": 0.03288391722534356, "PSO": 0.01542514938219608}, "meanfullfitness": {"ABC": 0.027599182219117613, "PassThroughOptimizer": 0.04037163908163519, "DE": 0.0333741514928164, "PSO": 0.015451935988340626}}, "expr0": {"meantrainingfitness": {"ABC": 5.477643150819667e-06, "PassThroughOptimizer": 7.310097957728967e-05, "DE": 2.019168149924866e-06, "PSO": 1.4485743258241257e-07}, "trainingfitness": {"ABC": 0, "PassThroughOptimizer": 0, "DE": 0.0, "PSO": 0}, "fullfitness": {"ABC": 0.0, "PassThroughOptimizer": 0.0, "DE": 0.0, "PSO": 0.0}, "meanfullfitness": {"ABC": 4.656176863782058e-06, "PassThroughOptimizer": 6.433898916939907e-05, "DE": 1.983155548757054e-06, "PSO": 1.3075704210496753e-07}}, "expr4": {"meantrainingfitness": {"ABC": 8.070688710670737e-08, "PassThroughOptimizer": 2.807572453358276e-05, "DE": 0.0002332659043773555, "PSO": 1.6863192333183008e-06}, "trainingfitness": {"ABC": 0.0, "PassThroughOptimizer": 0.0, "DE": 0.0, "PSO": 0.0}, "fullfitness": {"ABC": 0.0, "PassThroughOptimizer": 2.220446049250313e-16, "DE": 0.0, "PSO": 2.220446049250313e-16}, "meanfullfitness": {"ABC": 7.975529088266598e-08, "PassThroughOptimizer": 2.6033296758942726e-05, "DE": 0.00022569941499588352, "PSO": 1.5124077211270404e-06}}, "expr1": {"meantrainingfitness": {"ABC": 0.04004029329937695, "PassThroughOptimizer": 0.0445456396250278, "DE": 0.03429581044687528, "PSO": 0.005556104808792939}, "trainingfitness": {"ABC": 0.03566489532803141, "PassThroughOptimizer": 0.03830392848020703, "DE": 0.03257027837768445, "PSO": 0.00504577181461463}, "fullfitness": {"ABC": 0.07585049073332728, "PassThroughOptimizer": 0.08369151559040222, "DE": 0.07697974522844842, "PSO": 0.01542514938219608}, "meanfullfitness": {"ABC": 0.45521598320246326, "PassThroughOptimizer": 0.10497567973448932, "DE": 0.07985537079753288, "PSO": 0.015451935988340626}}, "expr7": {"meantrainingfitness": {"ABC": 0.0010145167298807988, "PassThroughOptimizer": 0.00045416386393153373, "DE": 0.00033942867828002933, "PSO": 0.000651242924679396}, "trainingfitness": {"ABC": 0.0009167571729666868, "PassThroughOptimizer": 0.0003004187227469979, "DE": 1.6787626940462097e-05, "PSO": 0.00010344227378999982}, "fullfitness": {"ABC": 0.0008997909328088971, "PassThroughOptimizer": 0.0002897040726734801, "DE": 1.3423120760580609e-05, "PSO": 0.00017732387102697977}, "meanfullfitness": {"ABC": 0.000962877763009251, "PassThroughOptimizer": 0.0004297407802121178, "DE": 0.00031878788047150496, "PSO": 0.000662606447966585}}, "expr6": {"meantrainingfitness": {"ABC": 0.001083005862100439, "PassThroughOptimizer": 7.645372263920258e-05, "DE": 2.3877234460734087e-06, "PSO": 0.00035660482540111893}, "trainingfitness": {"ABC": 2.6653790285990908e-11, "PassThroughOptimizer": 5.462914789711171e-05, "DE": 5.469910621114238e-07, "PSO": 1.7525411277752312e-07}, "fullfitness": {"ABC": 2.6051161228224373e-11, "PassThroughOptimizer": 4.809093856861235e-05, "DE": 4.929134151954173e-07, "PSO": 1.5667098440808047e-07}, "meanfullfitness": {"ABC": 0.00106708252375316, "PassThroughOptimizer": 7.798534664027468e-05, "DE": 2.411074482489006e-06, "PSO": 0.00036337949659033254}}, "expr8": {"meantrainingfitness": {"ABC": 0.002450589759171273, "PassThroughOptimizer": 0.002976941825731472, "DE": 0.0016227464462547302, "PSO": 0.0024007658514162643}, "trainingfitness": {"ABC": 0.0021229493700400948, "PassThroughOptimizer": 0.0026112247622688267, "DE": 0.0014093892711167788, "PSO": 0.0022538701003630424}, "fullfitness": {"ABC": 0.00296684352848553, "PassThroughOptimizer": 0.0036878266583820762, "DE": 0.002263782483392096, "PSO": 0.00400169779815962}, "meanfullfitness": {"ABC": 0.0036807785670658565, "PassThroughOptimizer": 0.004371108141769287, "DE": 0.002593437601421744, "PSO": 0.00392566408474695}}, "expr11": {"meantrainingfitness": {"ABC": 0.22180220752221075, "PassThroughOptimizer": 0.20337604284101554, "DE": 0.12504087977815784, "PSO": 0.15102224129705638}, "trainingfitness": {"ABC": 0.13064144777635534, "PassThroughOptimizer": 0.17263296853913968, "DE": 0.11113112563184968, "PSO": 0.12364459765830882}, "fullfitness": {"ABC": 0.24410239754740637, "PassThroughOptimizer": 0.2636274613555569, "DE": 0.2534979922952312, "PSO": 0.23308263106792426}, "meanfullfitness": {"ABC": 0.48375559247766536, "PassThroughOptimizer": 0.3481441238234037, "DE": 0.24162858813173793, "PSO": 0.26285213476551217}}, "expr3": {"meantrainingfitness": {"ABC": 0.004016490266951922, "PassThroughOptimizer": 0.002226227756790955, "DE": 0.0019740810020803857, "PSO": 0.005275775902780033}, "trainingfitness": {"ABC": 0.0, "PassThroughOptimizer": 0.0, "DE": 0.0, "PSO": 0.0017042895427278326}, "fullfitness": {"ABC": 0.0, "PassThroughOptimizer": 0.0, "DE": 0.0, "PSO": 0.001979196655498172}, "meanfullfitness": {"ABC": 0.0037709225611318063, "PassThroughOptimizer": 0.0020931979780164367, "DE": 0.0017047634734815853, "PSO": 0.0050837027186056314}}, "expr5": {"meantrainingfitness": {"ABC": 2.3351076985367314e-07, "PassThroughOptimizer": 0.00010261892307479314, "DE": 1.9055867994666188e-13, "PSO": 4.587253095800215e-06}, "trainingfitness": {"ABC": 0, "PassThroughOptimizer": 0, "DE": 0.0, "PSO": 0.0}, "fullfitness": {"ABC": 0,