{"expr0": {"meantrainingfitness": {"PSO": 1.4318387764333806e-08, "PassThroughOptimizer": 0.011949973729352581, "ABC": 0.003385198646440224, "DE": 4.2477534067941745e-08}, "meanfullfitness": {"PSO": 1.1823969492397169e-08, "PassThroughOptimizer": 0.010034928168742675, "ABC": 0.0029608708002251795, "DE": 3.4588840391869266e-08}, "trainingfitness": {"PSO": 0, "PassThroughOptimizer": 0.0, "ABC": 0, "DE": 0}, "fullfitness": {"PSO": 0.0, "PassThroughOptimizer": 0.0, "ABC": 0.0, "DE": 0.0}}, "expr7": {"meantrainingfitness": {"PSO": 4.233401686746241e-05, "PassThroughOptimizer": 0.00018191158691407416, "ABC": 0.0008614556920342852, "DE": 3.6700499162956036e-05}, "meanfullfitness": {"PSO": 4.6854308039967485e-05, "PassThroughOptimizer": 0.00018742992932765378, "ABC": 0.0008632348543036183, "DE": 5.963028870799025e-05}, "trainingfitness": {"PSO": 1.484129475659568e-05, "PassThroughOptimizer": 9.401788734286765e-05, "ABC": 0.0005308860794212, "DE": 3.339086751652509e-06}, "fullfitness": {"PSO": 2.212605058393713e-05, "PassThroughOptimizer": 0.00010482880167717035, "ABC": 0.0005494851491051334, "DE": 2.64411381578622e-06}}, "expr12": {"meantrainingfitness": {"PSO": 0.004806097433533063, "PassThroughOptimizer": 0.03177953974672791, "ABC": 0.005680142030182966, "DE": 0.01968475592873491}, "meanfullfitness": {"PSO": 0.21149046159276025, "PassThroughOptimizer": 0.03961729861482186, "ABC": 0.011104754404147665, "DE": 0.0484778159866567}, "trainingfitness": {"PSO": 0.003997251693077408, "PassThroughOptimizer": 0.03175954807850945, "ABC": 0.0053425519414439515, "DE": 0.015968015663982427}, "fullfitness": {"PSO": 0.012855159616749323, "PassThroughOptimizer": 0.039602053673020166, "ABC": 0.010707387271559288, "DE": 0.08228423218219194}}, "expr5": {"meantrainingfitness": {"PSO": 1.2348343545465212e-05, "PassThroughOptimizer": 1.900821398497232e-05, "ABC": 2.2629921867522995e-07, "DE": 6.13620265710324e-13}, "meanfullfitness": {"PSO": 1.1681507806060587e-05, "PassThroughOptimizer": 4.605261080905532e-05, "ABC": 2.0404446727795288e-07, "DE": 5.189626506307831e-13}, "trainingfitness": {"PSO": 0, "PassThroughOptimizer": 0.0, "ABC": 0.0, "DE": 0.0}, "fullfitness": {"PSO": 0, "PassThroughOptimizer": 0.00014253430564037384, "ABC": 0.0, "DE": 0.0}}, "expr10": {"meantrainingfitness": {"PSO": 0.1977666992509039, "PassThroughOptimizer": 0.14223937745079088, "ABC": 0.18263920572125886, "DE": 0.15157222326177264}, "meanfullfitness": {"PSO": 0.8893792004645407, "PassThroughOptimizer": 0.3393547807608563, "ABC": 0.856648800571195, "DE": 0.35362079125583595}, "trainingfitness": {"PSO": 0.09903877390802285, "PassThroughOptimizer": 0.08767371254904566, "ABC": 0.12555405855591584, "DE": 0.09248525394847851}, "fullfitness": {"PSO": 1, "PassThroughOptimizer": 0.2796876400204682, "ABC": 0.9962555378316911, "DE": 0.3089819821876727}}, "expr1": {"meantrainingfitness": {"PSO": 0.008289719619876101, "PassThroughOptimizer": 0.06524922841715877, "ABC": 0.1618342103580695, "DE": 0.0279725986583935}, "meanfullfitness": {"PSO": 0.47120036094220746, "PassThroughOptimizer": 0.12818028397475228, "ABC": 0.2742365919768981, "DE": 0.08987466342175057}, "trainingfitness": {"PSO": 0.003372432085391508, "PassThroughOptimizer": 0.020154473279833218, "ABC": 0.12666722633060745, "DE": 0.027593379475859825}, "fullfitness": {"PSO": 0.5156256259288889, "PassThroughOptimizer": 0.06425130221359732, "ABC": 0.2398494077085761, "DE": 0.09016614402092782}}, "expr4": {"meantrainingfitness": {"PSO": 1.3155449583024392e-07, "PassThroughOptimizer": 0.002068831098049806, "ABC": 5.906386491005833e-15, "DE": 4.877008937143045e-07}, "meanfullfitness": {"PSO": 1.2853070410212553e-07, "PassThroughOptimizer": 0.0020581695858349126, "ABC": 5.351274978693255e-15, "DE": 4.6307861276684294e-07}, "trainingfitness": {"PSO": 0.0, "PassThroughOptimizer": 0.0, "ABC": 0.0, "DE": 0.0}, "fullfitness": {"PSO": 2.220446049250313e-16, "PassThroughOptimizer": 2.220446049250313e-16, "ABC": 1.1102230246251565e-16, "DE": 0}}, "expr2": {"meantrainingfitness": {"PSO": 0.008444176517500934, "PassThroughOptimizer": 0.006329154087084321, "ABC": 0.007624939447877521, "DE": 0.04242918935630517}, "meanfullfitness": {"PSO": 0.009271275117033762, "PassThroughOptimizer": 0.010315368284823757, "ABC": 0.008165401048001297, "DE": 0.812009092038919}, "trainingfitness": {"PSO": 0.0025607016769787494, "PassThroughOptimizer": 0.005070666256797307, "ABC": 0.007502327164884082, "DE": 0.040446863760076224}, "fullfitness": {"PSO": 0.0027888303449592478, "PassThroughOptimizer": 0.008598338539255068, "ABC": 0.007910673621301823, "DE": 0.060045460194595224}}, "expr8": {"meantrainingfitness": {"PSO": 0.0004864003528895156, "PassThroughOptimizer": 0.00173156764911504, "ABC": 0.004072860418144519, "DE": 0.0014315767118760147}, "meanfullfitness": {"PSO": 0.0013451430438596202, "PassThroughOptimizer": 0.002495037729681182, "ABC": 0.005467825484958921, "DE": 0.0023602571447108867}, "trainingfitness": {"PSO": 0.0003615968506582856, "PassThroughOptimizer": 0.00135197462851111, "ABC": 0.0007382121324667201, "DE": 0.0011253763338290312}, "fullfitness": {"PSO": 0.001203701728029749, "PassThroughOptimizer": 0.002089443054961726, "ABC": 0.0012336682906058938, "DE": 0.0020273330571650705}}, "expr3": {"meantrainingfitness": {"PSO": 0.002356266140894725, "PassThroughOptimizer": 0.002180970430340845, "ABC": 0.00016198122779178536, "DE": 0.0003154456759122404}, "meanfullfitness": {"PSO": 0.0023310863643010602, "PassThroughOptimizer": 0.002034191578364397, "ABC": 0.00011434419651890071, "DE": 0.00026497328808032793}, "trainingfitness": {"PSO": 0.0, "PassThroughOptimizer": 0.0, "ABC": 0.0, "DE": 0.0}, "fullfitness": {"PSO": 0.0, "PassThroughOptimizer": 0.0, "ABC": 0.0, "DE": 0.0}}, "expr11": {"meantrainingfitness": {"PSO": 0.09108117917521667, "PassThroughOptimizer": 0.1673708429328314, "ABC": 0.1618342103580695, "DE": 0.12502403613101576}, "meanfullfitness": {"PSO": 0.21071621497226042, "PassThroughOptimizer": 0.27966456892373437, "ABC": 0.2742365919768981, "DE": 0.5446839769594389}, "trainingfitness": {"PSO": 0.07074915388431069, "PassThroughOptimizer": 0.14890104623648936, "ABC": 0.12666722633060745, "DE": 0.10812797356019599}, "fullfitness": {"PSO": 0.19371186166925836, "PassThroughOptimizer": 0.2826548914402782, "ABC": 0.2398494077085761, "DE": 1}}, "expr14": {"meantrainingfitness": {"PSO": 0.008289719619876101, "PassThroughOptimizer": 0.027951483152034794, "ABC": 0.0352366734599876, "DE": 0.016045338949264187}, "meanfullfitness": {"PSO": 0.47120036094220746, "PassThroughOptimizer": 0.3892840419896868, "ABC": 0.37893706366829694, "DE": 0.37456597116121876}, "trainingfitness": {"PSO": 0.003372432085391508, "PassThroughOptimizer": 0.025382554751814168, "ABC": 0.02191122158664438, "DE": 0.013426292806163809}, "fullfitness": {"PSO": 0.5156256259288889, "PassThroughOptimizer": 0.3766483313834448, "ABC": 0.561380623914117, "DE": 0.37486081300677254}}, "expr13": {"meantrainingfitness": {"PSO": 0.03278029080819924, "PassThroughOptimizer": 0.06524922841715877, "ABC": 0.06266821656657069, "DE": 0.0279725986583935}, "meanfullfitness": {"PSO": 0.08745488729590072, "PassThroughOptimizer": 0.12818028397475228, "ABC": 0.10953787617207933, "DE": 0.08987466342175057}, "trainingfitness": {"PSO": 0.03181986877559517, "PassThroughOptimizer": 0.020154473279833218, "ABC": 0.035518645161773166, "DE": 0.027593379475859825}, "fullfitness": {"PSO": 0.09071513239253837, "PassThroughOptimizer": 0.06425130221359732, "ABC": 0.07782947766527992, "DE": 0.09016614402092782}}, "expr9": {"meantrainingfitness": {"PSO": 0.0016189232646977025, "PassThroughOptimizer": 0.00028836939224738953, "ABC": 0.0018837536510287079, "DE": 0.001132257411623905}, "meanfullfitness": {"PSO": 0.0027592966743543055, "PassThroughOptimizer": 0.0002952598315824062, "ABC": 0.002096489036371385, "DE": 0.0013420102258780541}, "trainingfitness": {"PSO": 0.0009652655841753122, "PassThroughOptimizer": 0.0001758273765029017, "ABC": 0.0017085995676073829,