{"expr2": {"meantrainingfitness": {"ABC": 0.08666189798061356, "PassThroughOptimizer": 0.13314294516807035, "DE": 0.10425826713687655, "PSO": 0.10872698571480961}, "trainingfitness": {"ABC": 0.07870996821491816, "PassThroughOptimizer": 0.10196196052755357, "DE": 0.08766618021805817, "PSO": 0.0872374840923229}, "fullfitness": {"ABC": 0.10664726877097452, "PassThroughOptimizer": 0.11967677745581562, "DE": 0.11518144863248947, "PSO": 0.1207065462521908}, "meanfullfitness": {"ABC": 0.10919238836345761, "PassThroughOptimizer": 0.16234690470200455, "DE": 0.13055040923768702, "PSO": 0.1348307811597111}}, "expr13": {"meantrainingfitness": {"ABC": 0.06893223389861332, "PassThroughOptimizer": 0.25036066951567043, "DE": 0.044513792199761704, "PSO": 0.06893223389861332}, "trainingfitness": {"ABC": 0.06157531462016308, "PassThroughOptimizer": 0.06157531462016308, "DE": 0.0400821993434155, "PSO": 0.06157531462016308}, "fullfitness": {"ABC": 0.12823335278213666, "PassThroughOptimizer": 0.12823335278213666, "DE": 0.0802999380655045, "PSO": 0.12823335278213666}, "meanfullfitness": {"ABC": 0.13411059803054912, "PassThroughOptimizer": 0.3583142436429109, "DE": 0.09718867114906342, "PSO": 0.13411059803054912}}, "expr10": {"meantrainingfitness": {"ABC": 0.3022324302691274, "PassThroughOptimizer": 0.35161019041672115, "DE": 0.32950448488767403, "PSO": 0.29016738554529786}, "trainingfitness": {"ABC": 0.23324956603634572, "PassThroughOptimizer": 0.33002457974182686, "DE": 0.27268548380980484, "PSO": 0.269103146094256}, "fullfitness": {"ABC": 0.5633271909506022, "PassThroughOptimizer": 0.4804089223571768, "DE": 0.5145094048709491, "PSO": 0.37696733537446636}, "meanfullfitness": {"ABC": 0.5774365185365161, "PassThroughOptimizer": 0.5015524252379048, "DE": 0.5281963594268467, "PSO": 0.4734506856489326}}, "expr14": {"meantrainingfitness": {"ABC": 0.1282248306497767, "PassThroughOptimizer": 0.11924741982160345, "DE": 0.1282016512048228, "PSO": 0.12902844186467408}, "trainingfitness": {"ABC": 0.11348627492065622, "PassThroughOptimizer": 0.11314708997928191, "DE": 0.11359716997629998, "PSO": 0.09650850738737493}, "fullfitness": {"ABC": 0.4271871060391845, "PassThroughOptimizer": 0.4245355227572054, "DE": 0.4257964429990224, "PSO": 0.39716117164481246}, "meanfullfitness": {"ABC": 0.4364578058955135, "PassThroughOptimizer": 0.4284233950295728, "DE": 0.4431252128271761, "PSO": 0.43540767454398477}}, "expr12": {"meantrainingfitness": {"ABC": 0.0324442941199196, "PassThroughOptimizer": 0.037355104715334764, "DE": 0.039672228679476375, "PSO": 0.0358815867266842}, "trainingfitness": {"ABC": 0.0261427415775195, "PassThroughOptimizer": 0.03669312522979329, "DE": 0.039047400477691174, "PSO": 0.03348498382532705}, "fullfitness": {"ABC": 0.07074881586681026, "PassThroughOptimizer": 0.04364668782950454, "DE": 0.04554295245494444, "PSO": 0.041385730719528}, "meanfullfitness": {"ABC": 0.04727390558556084, "PassThroughOptimizer": 0.04400207707600194, "DE": 0.04564032683908235, "PSO": 0.04324355436324399}}, "expr0": {"meantrainingfitness": {"ABC": 0.00011783196525254614, "PassThroughOptimizer": 0.0024320782529300587, "DE": 0.0002177429208902959, "PSO": 3.2452172653574253e-07}, "trainingfitness": {"ABC": 0, "PassThroughOptimizer": 0, "DE": 0.0, "PSO": 0.0}, "fullfitness": {"ABC": 0.0, "PassThroughOptimizer": 0.0, "DE": 0.0, "PSO": 0.0}, "meanfullfitness": {"ABC": 0.00010749611453504393, "PassThroughOptimizer": 0.002201033217374104, "DE": 0.0001814350638613238, "PSO": 2.626012724160631e-07}}, "expr4": {"meantrainingfitness": {"ABC": 0.00010877677335701108, "PassThroughOptimizer": 0.00019446741720481332, "DE": 7.87923999368001e-05, "PSO": 5.8315442020884237e-05}, "trainingfitness": {"ABC": 0.0, "PassThroughOptimizer": 0, "DE": 0.0, "PSO": 0.0}, "fullfitness": {"ABC": 2.220446049250313e-16, "PassThroughOptimizer": 2.220446049250313e-16, "DE": 0.0, "PSO": 2.220446049250313e-16}, "meanfullfitness": {"ABC": 0.0001051490076678041, "PassThroughOptimizer": 0.0001796475805785125, "DE": 7.73169324766343e-05, "PSO": 5.7746257877488995e-05}}, "expr1": {"meantrainingfitness": {"ABC": 0.06893223389861332, "PassThroughOptimizer": 0.25036066951567043, "DE": 0.044513792199761704, "PSO": 0.0358815867266842}, "trainingfitness": {"ABC": 0.06157531462016308, "PassThroughOptimizer": 0.06157531462016308, "DE": 0.0400821993434155, "PSO": 0.03348498382532705}, "fullfitness": {"ABC": 0.12823335278213666, "PassThroughOptimizer": 0.12823335278213666, "DE": 0.0802999380655045, "PSO": 0.041385730719528}, "meanfullfitness": {"ABC": 0.13411059803054912, "PassThroughOptimizer": 0.3583142436429109, "DE": 0.09718867114906342, "PSO": 0.04324355436324399}}, "expr7": {"meantrainingfitness": {"ABC": 0.0015284998450787902, "PassThroughOptimizer": 0.0017923002802598064, "DE": 0.0018006901160407818, "PSO": 0.0016026074488201258}, "trainingfitness": {"ABC": 0.001246614427877657, "PassThroughOptimizer": 0.0012838412357440987, "DE": 0.0008410991160540116, "PSO": 0.0015363663607175226}, "fullfitness": {"ABC": 0.0011313843481914887, "PassThroughOptimizer": 0.0011696859634886536, "DE": 0.0006988061311656857, "PSO": 0.0016370715837621397}, "meanfullfitness": {"ABC": 0.001522267046186121, "PassThroughOptimizer": 0.0016634202805055232, "DE": 0.0017093722750230356, "PSO": 0.0016944212289482063}}, "expr6": {"meantrainingfitness": {"ABC": 0.00010657499653996539, "PassThroughOptimizer": 0.0006102420652122742, "DE": 0.0018308703549827499, "PSO": 0.0005287784620262137}, "trainingfitness": {"ABC": 1.2845561758734192e-07, "PassThroughOptimizer": 5.462914789711171e-05, "DE": 0.00021143030537340568, "PSO": 5.462914789711171e-05}, "fullfitness": {"ABC": 1.2554521700014476e-07, "PassThroughOptimizer": 4.809093856861235e-05, "DE": 0.00021541268939362368, "PSO": 4.809093856861235e-05}, "meanfullfitness": {"ABC": 9.717559062034642e-05, "PassThroughOptimizer": 0.0006041253684903047, "DE": 0.0016912770179026149, "PSO": 0.000495632627843845}}, "expr8": {"meantrainingfitness": {"ABC": 0.004230235929647419, "PassThroughOptimizer": 0.0099335739228136, "DE": 0.0044161877640109815, "PSO": 0.007639017905955381}, "trainingfitness": {"ABC": 0.0027365921732481757, "PassThroughOptimizer": 0.00792670145070895, "DE": 0.003454788104072626, "PSO": 0.0026895643638029654}, "fullfitness": {"ABC": 0.004087710471991413, "PassThroughOptimizer": 0.011001931137680665, "DE": 0.005490570660907967, "PSO": 0.004254454843470534}, "meanfullfitness": {"ABC": 0.005846475092978887, "PassThroughOptimizer": 0.015134778941385884, "DE": 0.006615601994695308, "PSO": 0.010722543024305442}}, "expr11": {"meantrainingfitness": {"ABC": 0.2598294697074895, "PassThroughOptimizer": 0.33251762820822145, "DE": 0.2547233729550912, "PSO": 0.2132259011926405}, "trainingfitness": {"ABC": 0.1430786589709735, "PassThroughOptimizer": 0.17263296853913968, "DE": 0.13007362816275236, "PSO": 0.1384547222010798}, "fullfitness": {"ABC": 0.25078647074169, "PassThroughOptimizer": 0.2636274613555569, "DE": 0.23902580197876422, "PSO": 0.24700647883543603}, "meanfullfitness": {"ABC": 0.49193168171834695, "PassThroughOptimizer": 0.554113089748186, "DE": 0.3428030943654926, "PSO": 0.3263958738139993}}, "expr3": {"meantrainingfitness": {"ABC": 0.008765928719567894, "PassThroughOptimizer": 0.00769108379356005, "DE": 0.004534446838458606, "PSO": 0.007046451577284674}, "trainingfitness": {"ABC": 0.00035428581364693734, "PassThroughOptimizer": 0.006547376283062678, "DE": 0.0022400971935089276, "PSO": 0.0056927896688088175}, "fullfitness": {"ABC": 0.0002678324793614628, "PassThroughOptimizer": 0.004995005181942069, "DE": 0.001811588805626596, "PSO": 0.005850143737048841}, "meanfullfitness": {"ABC": 0.00736548358703768, "PassThroughOptimizer": 0.007009305479725536, "DE": 0.003510369429947202, "PSO": 0.006541609052802233}}, "expr5": {"meantrainingfitness": {"ABC": 0.00020518721866475965, "PassThroughOptimizer": 0.00022496078943867737, "DE": 0.0002708030288839369, "PSO": 0.00015396206838287353}, "trainingfitness": {"ABC": 0,